tenure,MonthlyCharges,TotalCharges,Contract,Churn_reel,Churn_proba,Churn_predit
72,114.05,8468.2,Two year,0,0.010439208,0
8,100.15,908.55,Month-to-month,0,0.9109791,1
41,78.35,3211.2,One year,0,0.1029406,0
18,78.2,1468.75,Month-to-month,0,0.3606412,0
72,82.65,5919.35,Two year,0,0.0062163533,0
21,99.85,1992.55,Month-to-month,0,0.8470176,1
21,99.15,1956.4,Month-to-month,0,0.60769904,1
19,24.1,439.2,Month-to-month,0,0.46882376,0
61,19.75,1311.6,Two year,0,0.012386421,0
17,45.05,770.6,Month-to-month,1,0.42365488,0
70,106.05,7554.05,Month-to-month,0,0.1416751,0
72,114.85,8317.95,Two year,0,0.0052024215,0
49,30.2,1453.1,Month-to-month,0,0.13802278,0
11,84.8,906.85,Month-to-month,1,0.9057757,1
19,48.8,953.65,Month-to-month,0,0.26572904,0
72,84.5,6130.85,Two year,0,0.018249882,0
8,19.5,159.35,Two year,0,0.026019348,0
15,91.0,1430.05,Month-to-month,0,0.78880006,1
67,105.7,6816.95,One year,0,0.45467755,0
26,35.4,978.6,One year,0,0.08331696,0
2,74.85,156.4,Month-to-month,1,0.825522,1
21,28.5,629.35,Month-to-month,0,0.49569905,0
49,20.05,923.1,One year,0,0.039329585,0
21,19.8,350.1,One year,0,0.051478967,0
51,69.15,3649.6,Month-to-month,0,0.20697252,0
16,54.55,825.1,Month-to-month,0,0.4218571,0
22,89.25,1907.85,Month-to-month,1,0.6806183,1
13,102.25,1359.0,Month-to-month,1,0.9032346,1
43,25.1,1070.15,Two year,0,0.06991937,0
3,89.45,240.45,Month-to-month,1,0.8065284,1
54,90.05,4931.8,Month-to-month,0,0.6020016,1
1,24.2,24.2,Month-to-month,0,0.5715065,1
69,20.55,1403.1,One year,0,0.004412417,0
62,23.4,1429.65,Two year,0,0.17506987,0
2,90.4,168.2,Month-to-month,1,0.8306547,1
62,96.1,6019.35,Month-to-month,0,0.1508405,0
2,44.95,85.15,Month-to-month,1,0.5473056,1
69,19.9,1356.7,Two year,0,0.0037911353,0
1,74.5,74.5,Month-to-month,1,0.9502575,1
31,55.25,1715.65,Month-to-month,1,0.1757004,0
69,20.3,1356.3,Two year,0,0.006086132,0
2,91.45,171.45,Month-to-month,0,0.9107005,1
33,70.4,2406.1,Month-to-month,0,0.5750468,1
3,19.6,55.25,Month-to-month,0,0.30947286,0
44,65.4,2774.55,One year,0,0.1317636,0
10,110.1,1043.3,Month-to-month,1,0.7603399,1
8,75.25,576.7,Month-to-month,0,0.8523892,1
8,66.65,520.95,Month-to-month,0,0.19905686,0
69,20.35,1442.65,One year,0,0.006022623,0
23,75.6,1758.6,Month-to-month,1,0.2573201,0
66,25.1,1697.7,Two year,0,0.008051466,0
1,102.45,102.45,Month-to-month,1,0.9693954,1
3,19.95,58.0,Month-to-month,0,0.3509459,0
5,51.0,286.8,Month-to-month,0,0.42842743,0
1,51.2,51.2,Month-to-month,0,0.48863056,0
9,77.65,714.15,Month-to-month,1,0.8337588,1
36,63.7,2188.5,One year,0,0.13874565,0
68,85.5,5696.6,One year,0,0.069566496,0
35,40.9,1383.6,One year,0,0.060105775,0
60,20.55,1205.05,Two year,0,0.016194027,0
72,74.55,5430.65,Two year,0,0.0030218689,0
45,20.4,930.45,One year,1,0.055865053,0
37,91.2,3247.55,One year,0,0.41790697,0
7,50.7,350.35,Month-to-month,0,0.27804974,0
4,50.7,151.3,Month-to-month,1,0.5440229,1
1,54.9,54.9,Month-to-month,1,0.7730083,1
4,60.4,272.15,Month-to-month,1,0.3245801,0
18,49.55,878.35,Month-to-month,1,0.20990092,0
12,74.05,872.65,One year,1,0.46748075,0
1,80.05,80.05,Month-to-month,1,0.87377363,1
72,25.0,1738.9,Two year,0,0.0008213596,0
42,20.25,835.5,Two year,0,0.056553386,0
24,76.1,1712.7,Month-to-month,1,0.7108668,1
26,78.95,2034.25,One year,0,0.2322215,0
68,73.0,5163.0,One year,0,0.117562085,0
17,19.9,323.15,One year,0,0.082680665,0
59,111.1,6555.2,Two year,0,0.03126249,0
13,74.4,896.75,Month-to-month,1,0.6714726,1
2,20.45,42.45,Month-to-month,0,0.2454302,0
67,19.65,1335.2,Two year,0,0.008729199,0
17,20.05,337.9,One year,0,0.06226932,0
71,80.1,5585.4,Two year,0,0.004411378,0
17,98.6,1704.95,One year,1,0.403694,0
1,89.55,89.55,Month-to-month,1,0.9385384,1
6,19.7,94.45,One year,0,0.061781127,0
61,114.1,7132.15,Month-to-month,0,0.41227707,0
6,73.85,401.3,Month-to-month,0,0.8133028,1
1,25.05,25.05,Month-to-month,1,0.76692885,1
21,102.8,2110.15,Month-to-month,1,0.5972788,1
60,110.8,6640.7,Two year,0,0.1703596,0
20,85.8,1727.5,Month-to-month,1,0.7194851,1
22,95.9,2234.95,Month-to-month,0,0.7093806,1
40,20.6,827.3,Two year,0,0.023166459,0
23,74.95,1710.45,Month-to-month,1,0.7352448,1
1,45.95,45.95,Month-to-month,1,0.68552035,1
46,38.25,1755.35,Two year,0,0.03632567,0
5,69.95,320.4,Month-to-month,0,0.7469442,1
68,20.0,1396.0,Two year,0,0.0041842503,0
1,25.2,25.2,Month-to-month,1,0.8414428,1
2,20.1,43.15,Month-to-month,0,0.38884795,0
14,104.85,1531.4,Month-to-month,1,0.88179994,1
10,70.0,740.0,Month-to-month,1,0.6954664,1
13,78.3,1033.95,Month-to-month,0,0.66864246,1
34,109.8,3587.25,Month-to-month,1,0.2732951,0
18,57.45,990.85,Month-to-month,1,0.24305844,0
71,19.7,1301.1,Two year,0,0.001578776,0
70,110.5,7752.05,Two year,0,0.3379425,0
52,64.3,3410.6,One year,0,0.02926128,0
68,105.25,7173.15,Two year,0,0.061716404,0
38,19.6,717.3,Month-to-month,0,0.15136799,0
58,24.5,1497.9,One year,0,0.030119855,0
3,90.7,237.65,Month-to-month,0,0.7095318,1
14,48.8,664.4,Month-to-month,0,0.35383165,0
2,24.9,49.7,Month-to-month,0,0.56166786,1
1,24.8,24.8,Month-to-month,1,0.8413037,1
72,107.4,7748.75,Two year,0,0.004954183,0
3,43.3,123.65,Month-to-month,1,0.64295983,1
13,80.0,1029.35,Month-to-month,0,0.72109026,1
72,104.1,7447.7,Two year,0,0.020799298,0
58,20.75,1185.95,Two year,0,0.048971314,0
71,95.5,6707.15,Two year,0,0.0021112694,0
1,76.35,76.35,Month-to-month,1,0.912672,1
54,91.3,4965.0,Two year,0,0.04930913,0
39,45.05,1790.6,One year,0,0.016333815,0
1,70.6,70.6,Month-to-month,1,0.9185355,1
61,80.8,4860.85,Two year,0,0.016052442,0
25,89.15,2257.75,Month-to-month,1,0.50804144,1
37,91.2,3382.3,Month-to-month,0,0.13521619,0
26,91.25,2351.8,Month-to-month,1,0.7132533,1
10,19.75,208.25,Month-to-month,0,0.11463777,0
1,20.4,20.4,Month-to-month,1,0.61509824,1
24,40.65,933.3,Month-to-month,1,0.36876872,0
65,110.35,7246.15,Two year,0,0.29558155,0
23,64.9,1509.8,One year,0,0.13669644,0
49,66.15,3199.0,Two year,0,0.03380791,0
42,55.65,2421.75,Month-to-month,0,0.19711137,0
8,20.85,161.65,Two year,0,0.037539188,0
28,54.65,1517.5,Month-to-month,0,0.19824572,0
71,80.6,5708.2,Two year,0,0.005340117,0
69,99.45,7007.6,Month-to-month,1,0.50135636,1
68,114.7,7849.85,Two year,0,0.29370233,0
64,105.4,6794.75,Two year,0,0.043258414,0
3,75.05,202.9,Month-to-month,0,0.66275895,1
66,49.4,3251.85,One year,0,0.016342113,0
28,18.25,534.7,One year,0,0.0042374786,0
67,111.05,7321.05,Two year,0,0.08778019,0
46,19.6,851.2,Month-to-month,0,0.23687294,0
55,96.75,5238.9,Month-to-month,1,0.5159255,1
22,69.7,1490.4,Month-to-month,0,0.43026525,0
18,87.9,1500.5,Month-to-month,0,0.36338556,0
46,40.4,1842.7,Two year,0,0.047233716,0
10,78.15,765.15,Month-to-month,0,0.7823297,1
72,99.4,7285.7,Two year,0,0.080272496,0
16,55.3,875.35,Month-to-month,0,0.57537127,1
3,77.0,237.75,Month-to-month,1,0.84062845,1
21,26.05,565.75,Month-to-month,0,0.38483673,0
5,78.75,426.35,Month-to-month,0,0.74318165,1
1,29.95,29.95,Month-to-month,1,0.6192565,1
1,45.4,45.4,Month-to-month,1,0.7910885,1
36,85.25,3132.75,Month-to-month,1,0.8596929,1
64,104.05,6605.55,Two year,0,0.054405257,0
30,74.85,2181.75,Two year,0,0.08913301,0
72,19.55,1463.45,Two year,0,0.0018467263,0
46,20.1,936.85,Two year,0,0.04321896,0
45,95.2,4285.8,Two year,0,0.07282398,0
2,20.65,38.7,Month-to-month,1,0.24669538,0
34,55.0,1885.15,One year,0,0.08469309,0
54,106.55,5763.3,One year,1,0.204339,0
21,19.95,416.4,Month-to-month,0,0.15354085,0
65,76.15,4929.55,Two year,0,0.05045319,0
20,69.8,1540.35,Month-to-month,0,0.48632792,0
1,79.5,79.5,Month-to-month,1,0.96255875,1
42,69.4,3058.3,Month-to-month,0,0.06764326,0
1,19.4,19.4,Month-to-month,1,0.6214984,1
20,96.55,1901.65,Month-to-month,0,0.56991804,1
11,70.2,760.05,Month-to-month,0,0.5357595,1
61,25.3,1554.9,Two year,0,0.014930869,0
64,25.0,1584.8,Two year,0,0.03875318,0
25,88.4,2191.15,Month-to-month,0,0.42286494,0
44,50.15,2139.1,Month-to-month,0,0.14191045,0
5,69.95,330.15,Month-to-month,1,0.7394256,1
48,29.9,1388.75,One year,0,0.2113034,0
6,74.9,469.8,Month-to-month,1,0.86746573,1
4,50.05,179.35,Month-to-month,1,0.44042933,0
72,19.95,1322.85,Two year,0,0.0016775714,0
54,89.4,4869.5,Month-to-month,0,0.27297375,0
66,67.45,4508.65,Month-to-month,0,0.13720828,0
3,49.9,130.1,Month-to-month,1,0.43522105,0
19,65.35,1231.85,One year,0,0.22390553,0
61,81.0,4976.15,Two year,0,0.030740978,0
54,89.8,4667.0,Month-to-month,0,0.12952195,0
1,49.95,49.95,Month-to-month,0,0.44815966,0
19,79.85,1471.75,Month-to-month,1,0.7232393,1
24,19.75,483.15,Two year,0,0.039581854,0
33,105.35,3465.05,Month-to-month,0,0.525302,1
31,83.85,2674.15,Month-to-month,0,0.5969022,1
59,44.3,2666.75,Month-to-month,0,0.4870725,0
20,91.0,1859.5,One year,0,0.4319983,0
60,99.0,6017.9,Month-to-month,0,0.64718235,1
18,80.55,1406.65,Month-to-month,0,0.35001016,0
19,60.6,1297.8,Month-to-month,0,0.34667164,0
24,19.7,452.55,Two year,0,0.034090187,0
9,20.25,172.35,One year,0,0.046316583,0
33,24.25,838.5,Month-to-month,0,0.18557905,0
2,19.4,61.05,Month-to-month,0,0.3412492,0
67,93.15,6368.2,Two year,0,0.28187358,0
52,49.75,2535.55,Month-to-month,0,0.08855073,0
5,19.65,92.05,Month-to-month,0,0.15395683,0
1,19.4,19.4,Month-to-month,0,0.5504017,1
67,19.8,1311.3,Two year,0,0.0072697736,0
63,99.9,6137.0,One year,1,0.38477176,0
2,49.95,107.1,Month-to-month,0,0.77052695,1
25,89.05,2177.45,One year,1,0.56333685,1
19,19.95,373.5,Two year,0,0.038785774,0
62,56.15,3487.95,One year,0,0.011891299,0
23,34.65,768.45,Month-to-month,0,0.6558515,1
70,64.95,4523.25,Two year,0,0.015068544,0
29,94.2,2607.6,Month-to-month,0,0.64354277,1
32,78.9,2447.95,Month-to-month,1,0.660135,1
31,65.25,1994.3,Month-to-month,1,0.22752379,0
59,95.8,5655.45,Two year,0,0.15245329,0
32,64.85,2010.95,One year,0,0.15659258,0
17,49.8,836.35,Month-to-month,0,0.5173902,1
26,20.9,518.3,Month-to-month,0,0.105815545,0
12,94.55,1173.55,Month-to-month,0,0.88244253,1
61,98.45,6145.2,One year,0,0.06601049,0
71,19.6,1416.5,Two year,0,0.0044529918,0
9,20.45,147.55,Month-to-month,0,0.1337879,0
24,104.25,2433.9,Month-to-month,1,0.87062144,1
7,89.15,574.35,Month-to-month,0,0.8117166,1
41,111.15,4507.15,Two year,0,0.13705322,0
20,90.2,1776.55,Month-to-month,1,0.65178853,1
33,91.25,2964.05,Month-to-month,0,0.6142621,1
56,81.8,4534.45,Two year,0,0.020325635,0
1,74.5,74.5,Month-to-month,1,0.91215026,1
4,76.05,318.9,Month-to-month,1,0.8734987,1
54,111.1,6014.85,Month-to-month,1,0.623934,1
8,68.55,564.35,Month-to-month,0,0.23907833,0
58,45.0,2689.35,One year,0,0.21794504,0
34,100.85,3527.3,Month-to-month,0,0.781769,1
2,30.4,78.65,Month-to-month,1,0.8072449,1
25,95.9,2448.75,Month-to-month,1,0.66112375,1
68,89.95,5974.3,Two year,0,0.14134297,0
71,105.15,7555.0,Two year,0,0.26192877,0
1,59.2,59.2,Month-to-month,1,0.74522865,1
13,98.15,1230.25,Month-to-month,1,0.9048098,1
5,84.5,453.75,Month-to-month,1,0.88422954,1
22,20.85,450.65,One year,0,0.04846547,0
10,26.1,225.55,Two year,0,0.06079776,0
55,74.0,4052.4,Month-to-month,0,0.6354232,1
27,20.55,583.3,One year,0,0.03347135,0
10,18.85,163.2,Month-to-month,0,0.027590731,0
23,20.85,473.9,Month-to-month,0,0.14002831,0
70,84.1,5979.7,Two year,0,0.055095777,0
5,46.0,221.7,Month-to-month,1,0.50796455,1
24,19.55,470.2,Two year,0,0.039225798,0
8,20.2,140.95,One year,0,0.06577625,0
19,88.8,1672.35,Month-to-month,0,0.28060916,0
43,100.55,4304.0,One year,0,0.26707828,0
67,101.4,6841.05,Month-to-month,0,0.64110553,1
4,55.3,238.5,Month-to-month,0,0.49291193,0
59,113.75,6561.25,Two year,0,0.3085875,0
72,25.4,1710.9,Two year,0,0.001142904,0
19,20.0,377.55,Month-to-month,0,0.19825085,0
1,73.5,73.5,Month-to-month,1,0.8956029,1
30,51.2,1561.5,Month-to-month,1,0.19011772,0
2,74.4,139.4,Month-to-month,1,0.69198906,1
60,65.85,3928.3,One year,0,0.019240025,0
44,111.5,4915.15,Month-to-month,0,0.49183846,0
1,48.6,48.6,Month-to-month,0,0.85857654,1
3,29.9,92.25,Month-to-month,0,0.66740686,1
71,24.85,1901.0,Two year,0,0.0018304235,0
2,49.2,103.7,Month-to-month,0,0.525158,1
1,25.85,25.85,One year,0,0.35295784,0
72,115.5,8425.15,Two year,0,0.01729558,0
6,85.95,514.6,Month-to-month,0,0.7645499,1
1,85.55,85.55,Month-to-month,1,0.8722387,1
20,89.95,1648.45,Month-to-month,0,0.63656014,1
1,88.35,88.35,Month-to-month,1,0.94409204,1
12,20.05,265.45,Month-to-month,0,0.1311527,0
9,24.95,190.25,Month-to-month,0,0.5978887,1
12,20.1,223.6,Month-to-month,0,0.40572053,0
1,49.9,49.9,Month-to-month,0,0.46299145,0
17,19.65,351.55,One year,0,0.04586637,0
12,79.55,958.25,Month-to-month,0,0.8030837,1
12,106.7,1253.9,Month-to-month,1,0.81287366,1
15,55.7,899.8,Month-to-month,1,0.46662962,0
71,99.0,6994.6,Two year,0,0.05348396,0
30,85.0,2624.25,Month-to-month,1,0.8462956,1
33,20.15,682.15,One year,0,0.038967274,0
1,19.9,19.9,Month-to-month,0,0.690095,1
62,70.45,4300.45,Month-to-month,0,0.07236038,0
72,116.8,8456.75,Two year,0,0.0088997,0
30,66.3,1923.5,Month-to-month,0,0.107727215,0
3,20.55,57.4,One year,0,0.04724791,0
28,90.45,2509.25,One year,0,0.47906202,0
30,94.3,2679.7,Month-to-month,0,0.42965093,0
12,19.0,233.55,Month-to-month,1,0.04062329,0
51,24.6,1266.4,One year,0,0.028924853,0
15,45.9,693.45,One year,0,0.4751485,0
72,25.1,1790.8,Two year,0,0.0012656021,0
32,108.15,3432.9,Month-to-month,1,0.32121423,0
6,74.1,450.9,Month-to-month,0,0.756137,1
63,70.8,4448.8,One year,0,0.04468322,0
11,95.15,997.65,Month-to-month,1,0.8782977,1
19,61.55,1093.2,Month-to-month,0,0.20546407,0
64,73.05,4688.65,One year,0,0.06828506,0
7,69.45,477.05,One year,0,0.17286605,0
4,20.05,91.45,Month-to-month,0,0.31976366,0
7,19.95,147.5,Month-to-month,0,0.18629289,0
4,90.4,356.65,Month-to-month,0,0.657146,1
3,74.55,233.65,Month-to-month,0,0.7403843,1
65,53.5,3517.9,Two year,0,0.11244422,0
42,63.7,2763.35,One year,0,0.13783027,0
26,75.0,1908.35,One year,0,0.12822056,0
48,25.05,1171.5,One year,0,0.13514446,0
69,99.35,6856.45,Two year,0,0.159116,0
17,44.45,792.15,One year,0,0.1020311,0
1,21.0,21.0,Month-to-month,1,0.32099912,0
4,76.65,333.6,Month-to-month,1,0.7452068,1
34,96.35,3190.25,Month-to-month,0,0.4521162,0
2,70.35,139.25,Month-to-month,0,0.6957177,1
1,50.45,50.45,Month-to-month,1,0.8482232,1
12,20.3,246.7,Month-to-month,0,0.17575556,0
38,69.5,2625.25,Month-to-month,0,0.4940853,0
31,80.55,2471.6,Two year,0,0.036882903,0
67,108.75,7156.2,Two year,1,0.108586594,0
22,88.75,1885.15,Month-to-month,0,0.7703719,1
63,81.2,4965.1,One year,0,0.046671964,0
70,79.6,5589.45,Two year,0,0.015033066,0
1,20.45,20.45,Month-to-month,0,0.57158196,1
49,100.45,4941.8,One year,1,0.22392164,0
71,89.45,6435.25,Two year,0,0.008397406,0
23,66.25,1533.8,One year,0,0.108686924,0
72,90.8,6397.6,Two year,0,0.002809059,0
72,71.45,5025.85,Two year,0,0.007416608,0
2,69.75,144.55,Month-to-month,1,0.65649873,1
42,59.65,2536.55,Month-to-month,0,0.28603497,0
47,19.75,948.9,Two year,0,0.048337497,0
29,19.85,535.05,One year,0,0.033472627,0
72,63.8,4684.3,Two year,0,0.007534415,0
1,69.55,69.55,Month-to-month,1,0.9710576,1
40,51.1,2092.9,Month-to-month,0,0.21049818,0
1,62.05,62.05,Month-to-month,1,0.644723,1
1,85.0,85.0,Month-to-month,1,0.94944996,1
70,98.3,6859.5,Two year,1,0.061729178,0
49,19.9,1022.6,Two year,0,0.032982495,0
17,76.65,1313.55,Month-to-month,1,0.5516541,1
33,66.4,2245.4,Month-to-month,0,0.17999287,0
17,100.45,1622.45,Month-to-month,1,0.7277313,1
21,75.9,1549.75,One year,0,0.1508099,0
35,85.95,3110.1,One year,1,0.14965975,0
12,60.65,743.3,One year,0,0.36425376,0
9,50.85,466.6,Month-to-month,0,0.23015638,0
72,24.45,1709.1,Two year,0,0.00096365245,0
18,59.1,1011.05,Month-to-month,0,0.21798992,0
58,109.1,6393.65,Two year,0,0.508612,1
30,101.3,2974.5,Month-to-month,0,0.51395005,1
56,115.85,6567.9,Two year,0,0.04703063,0
10,94.9,1048.85,Month-to-month,1,0.8378126,1
2,35.1,68.75,Month-to-month,1,0.8271318,1
18,24.65,471.35,Two year,0,0.07836427,0
51,56.15,2898.95,One year,0,0.19139111,0
60,109.45,6572.85,Month-to-month,0,0.5145302,1
24,55.15,1319.85,Month-to-month,0,0.17311247,0
70,115.65,7968.85,One year,1,0.5448657,1
12,53.75,648.65,Month-to-month,0,0.3338345,0
25,61.6,1611.0,One year,0,0.076184794,0
36,20.35,695.85,One year,0,0.02690201,0
11,90.6,1020.2,Month-to-month,0,0.7482309,1
7,89.75,608.8,Month-to-month,1,0.7193659,1
26,98.1,2510.7,Month-to-month,0,0.7940365,1
41,74.25,3089.1,Month-to-month,0,0.68813956,1
57,55.0,3094.05,Month-to-month,0,0.5370472,1
28,90.1,2598.95,One year,1,0.32560557,0
10,64.9,685.55,One year,0,0.2831902,0
41,56.3,2364.0,One year,0,0.25426108,0
22,89.05,1886.25,Month-to-month,0,0.5083216,1
57,112.95,6465.0,Two year,1,0.13383806,0
13,19.45,270.2,One year,0,0.06396088,0
61,100.7,6018.65,One year,0,0.12039805,0
1,20.05,20.05,Month-to-month,0,0.51784533,1
18,19.35,309.25,Two year,0,0.026985364,0
6,87.95,522.35,Month-to-month,0,0.6997195,1
7,59.5,415.95,Month-to-month,1,0.34981853,0
9,55.3,501.2,Month-to-month,0,0.27945,0
1,49.25,49.25,Month-to-month,1,0.1727327,0
9,80.8,713.1,Month-to-month,1,0.6488776,1
49,20.45,900.9,One year,0,0.03787726,0
15,99.1,1426.4,Month-to-month,1,0.8494832,1
30,19.55,608.5,One year,0,0.046175968,0
70,75.65,5411.4,Two year,0,0.06551958,0
25,105.5,2686.05,Month-to-month,0,0.8108516,1
49,35.8,1782.0,One year,0,0.050382886,0
18,25.15,476.8,Month-to-month,0,0.23740871,0
25,19.2,532.1,Month-to-month,0,0.041460074,0
23,40.1,857.75,Two year,0,0.04748959,0
67,103.15,6895.5,Two year,0,0.058853295,0
35,20.5,759.35,Two year,0,0.014874782,0
1,45.85,45.85,Month-to-month,1,0.7694695,1
72,114.45,8375.05,Two year,0,0.013037438,0
1,20.7,20.7,Month-to-month,0,0.51397055,1
60,80.95,4859.1,Month-to-month,0,0.14291741,0
7,59.1,369.25,One year,0,0.4775866,0
64,19.55,1240.15,Two year,0,0.024797076,0
15,48.85,736.8,Month-to-month,0,0.55138403,1
2,19.85,35.9,One year,1,0.044288963,0
13,78.75,995.35,Month-to-month,0,0.57684064,1
26,98.35,2515.3,Month-to-month,1,0.9159538,1
52,35.45,1958.95,One year,0,0.029506473,0
1,20.2,20.2,Month-to-month,1,0.5648903,1
15,89.85,1424.95,Month-to-month,1,0.8253511,1
2,74.9,147.15,Month-to-month,1,0.8419923,1
31,91.15,2995.45,Month-to-month,1,0.6597248,1
26,75.5,2018.1,One year,0,0.02829477,0
10,29.75,301.9,Month-to-month,0,0.38831064,0
1,20.05,20.05,Month-to-month,0,0.60937136,1
2,79.6,195.05,Month-to-month,1,0.8008762,1
2,19.3,28.3,One year,1,0.025572978,0
13,48.75,633.4,Month-to-month,1,0.75634736,1
33,74.75,2453.3,One year,0,0.1151316,0
46,91.3,4126.35,One year,0,0.037481714,0
13,49.15,649.4,Month-to-month,0,0.72464436,1
37,106.75,4056.75,Month-to-month,1,0.090101905,0
61,19.1,1143.8,One year,0,0.021192985,0
1,20.8,20.8,Month-to-month,0,0.5731586,1
9,75.85,647.5,Month-to-month,0,0.5876982,1
3,69.6,207.4,Month-to-month,0,0.5836929,1
69,19.9,1363.45,Two year,0,0.0055343644,0
62,20.3,1296.15,Two year,0,0.006702485,0
20,19.7,419.4,Two year,0,0.03735992,0
61,104.0,6363.45,One year,0,0.61494267,1
4,23.9,97.5,One year,0,0.3292976,0
63,102.6,6296.75,Two year,0,0.45294416,0
50,35.0,1782.4,Month-to-month,0,0.16813754,0
1,80.5,80.5,Month-to-month,1,0.89897305,1
70,74.1,5222.3,One year,0,0.1257307,0
72,76.8,5468.45,Two year,0,0.013865362,0
35,60.55,1982.6,Month-to-month,0,0.19638099,0
12,67.25,832.3,Month-to-month,0,0.36487082,0
56,109.8,6109.65,One year,0,0.28270015,0
12,73.75,871.4,Month-to-month,1,0.6701291,1
36,55.8,1941.5,One year,0,0.13312194,0
40,105.75,4228.55,One year,0,0.51053613,1
3,19.6,59.75,Month-to-month,1,0.25976115,0
40,103.75,4188.4,One year,0,0.6387469,1
67,70.9,4677.1,Two year,0,0.061282545,0
67,72.35,4991.5,One year,0,0.04996367,0
7,66.85,458.1,Month-to-month,0,0.45953593,0
3,90.4,268.45,Month-to-month,0,0.57929677,1
42,100.3,4222.95,Month-to-month,0,0.7894104,1
40,26.2,1077.5,Month-to-month,0,0.15648137,0
53,94.0,4871.45,One year,0,0.12629505,0
3,19.55,61.05,Month-to-month,0,0.44311684,0
9,90.1,816.8,Month-to-month,0,0.86842537,1
72,20.1,1326.25,Two year,0,0.0020693287,0
46,85.0,3969.4,Month-to-month,1,0.42764217,0
61,24.1,1551.6,Two year,0,0.026723286,0
54,69.95,3871.85,Two year,0,0.0061383424,0
11,41.6,470.6,One year,1,0.699027,1
29,19.55,521.8,Two year,0,0.036090877,0
67,111.3,7482.1,One year,1,0.049627002,0
49,97.95,4917.9,One year,0,0.603571,1
72,100.55,7325.1,Two year,0,0.002469936,0
71,87.25,6328.7,Two year,0,0.004564497,0
44,74.85,3268.05,One year,0,0.11349338,0
41,60.3,2511.3,One year,0,0.08713022,0
11,58.95,601.6,Month-to-month,0,0.53177667,1
13,19.3,279.3,Month-to-month,0,0.21362035,0
55,88.8,4805.3,Two year,0,0.017736789,0
11,48.55,501.0,Month-to-month,1,0.40677503,0
48,45.55,2108.35,Month-to-month,0,0.5129897,1
31,81.7,2548.65,One year,0,0.10531967,0
63,109.2,7049.75,Two year,0,0.24068633,0
61,65.2,3965.05,One year,0,0.08807481,0
72,24.25,1784.5,Two year,0,0.0031073063,0
53,108.25,5935.1,Month-to-month,0,0.23072797,0
7,48.2,340.35,Month-to-month,0,0.58584195,1
28,81.05,2227.1,Month-to-month,1,0.47542801,0
16,72.65,1194.3,Month-to-month,1,0.72182375,1
7,71.05,472.65,Month-to-month,0,0.7371451,1
5,64.0,370.25,Month-to-month,0,0.7690798,1
71,23.9,1663.5,Two year,0,0.007562124,0
7,34.5,279.25,Month-to-month,1,0.38659167,0
11,111.4,1183.05,Month-to-month,0,0.8503899,1
52,63.9,3334.95,Two year,0,0.1490448,0
49,67.4,3306.85,Two year,0,0.059409175,0
19,18.8,279.2,One year,0,0.005483756,0
2,80.95,171.15,Month-to-month,1,0.7558907,1
52,95.65,5088.4,Month-to-month,0,0.2573607,0
23,84.25,1968.1,Month-to-month,0,0.75297743,1
8,69.7,572.85,Month-to-month,0,0.6951587,1
65,103.9,6767.1,One year,0,0.28715533,0
2,55.3,108.65,Month-to-month,0,0.5626256,1
62,23.65,1416.75,Two year,0,0.048190974,0
3,89.85,244.45,Month-to-month,0,0.7924501,1
49,93.65,4520.15,One year,0,0.5027733,1
15,69.0,994.8,Month-to-month,1,0.5164647,1
41,20.25,865.0,One year,0,0.03905862,0
46,104.45,4863.85,Month-to-month,0,0.8297737,1
56,25.95,1444.05,Two year,0,0.050420437,0
48,95.4,4445.3,Month-to-month,0,0.37550533,0
2,70.7,129.2,Month-to-month,0,0.64214545,1
72,23.75,1679.25,Two year,0,0.0020811528,0
45,78.8,3597.5,One year,0,0.14471331,0
37,62.8,2278.75,Two year,0,0.09312729,0
61,89.2,5500.6,Month-to-month,0,0.08740035,0
60,20.6,1093.0,Two year,0,0.07343138,0
2,50.15,115.1,Month-to-month,1,0.5029483,1
63,75.55,4707.85,Two year,0,0.007163596,0
4,84.6,360.1,Month-to-month,1,0.95450085,1
62,102.0,6529.25,One year,1,0.0803996,0
62,92.05,5755.8,One year,0,0.10586579,0
69,97.65,6743.55,Two year,0,0.14130358,0
4,105.65,443.9,One year,1,0.651242,1
49,56.3,2780.6,One year,0,0.39928222,0
51,81.15,4126.2,One year,0,0.091174826,0
26,44.65,1156.55,Month-to-month,0,0.30436093,0
9,43.75,405.7,Month-to-month,0,0.5672188,1
57,94.7,5468.95,One year,0,0.18888307,0
37,19.5,805.2,Month-to-month,0,0.22570504,0
30,97.0,3021.3,One year,0,0.37373123,0
70,107.9,7475.85,One year,0,0.184784,0
22,89.4,2001.5,Month-to-month,1,0.6848398,1
39,48.95,1880.85,Month-to-month,1,0.22800875,0
33,80.6,2656.5,Month-to-month,1,0.3961551,0
60,116.6,7049.5,One year,0,0.20769417,0
1,19.45,19.45,Month-to-month,0,0.47577307,0
12,58.35,740.55,Month-to-month,0,0.32206178,0
51,19.95,1028.75,Two year,0,0.032958586,0
22,80.15,1790.65,Month-to-month,0,0.6730937,1
1,18.8,18.8,One year,0,0.13725498,0
39,100.0,3835.55,One year,0,0.6318625,1
4,93.5,362.2,Month-to-month,1,0.94471276,1
39,80.45,3201.55,Two year,1,0.19744805,0
69,84.9,5785.65,Month-to-month,0,0.14869271,0
8,64.4,581.7,Month-to-month,0,0.15585405,0
68,25.05,1629.2,Two year,0,0.014195175,0
2,70.75,154.85,Month-to-month,1,0.69026005,1
24,39.1,971.3,Month-to-month,1,0.5526894,1
42,50.25,2203.65,Month-to-month,1,0.2637247,0
59,80.1,4693.2,One year,0,0.30072138,0
1,80.0,80.0,Month-to-month,1,0.8938628,1
46,35.05,1620.25,Month-to-month,0,0.23989145,0
4,29.65,118.5,Month-to-month,1,0.77997756,1
11,20.45,250.8,Month-to-month,0,0.089053504,0
59,66.4,3958.2,One year,0,0.05377768,0
53,60.6,3297.0,One year,0,0.1264973,0
3,54.2,140.4,Month-to-month,0,0.7126433,1
72,25.25,1841.2,Two year,0,0.001248453,0
9,18.95,185.6,Month-to-month,1,0.043066405,0
24,20.8,469.65,One year,0,0.026505433,0
45,86.1,3861.45,Month-to-month,0,0.16593722,0
49,40.65,2070.75,Month-to-month,0,0.23094302,0
61,24.4,1417.9,Two year,0,0.025308128,0
2,70.3,144.0,Month-to-month,0,0.76064485,1
5,85.4,425.9,Month-to-month,1,0.8854068,1
2,42.6,72.4,Month-to-month,1,0.72328913,1
25,81.75,2028.8,Month-to-month,0,0.12614234,0
60,106.15,6411.25,Month-to-month,0,0.7919303,1
51,110.05,5686.4,One year,0,0.25477827,0
2,56.7,113.55,Month-to-month,1,0.43389776,0
62,103.75,6383.35,One year,1,0.63850635,1
52,81.4,4354.45,One year,0,0.23743045,0
68,76.9,5023.0,One year,0,0.44343653,0
22,84.15,1821.95,Month-to-month,0,0.49512255,0
1,25.05,25.05,Month-to-month,1,0.8059508,1
3,41.15,132.2,Month-to-month,1,0.75146383,1
16,96.4,1581.2,Month-to-month,1,0.8929139,1
32,74.4,2276.95,Month-to-month,1,0.70816636,1
50,24.9,1195.25,Two year,0,0.05363137,0
1,48.75,48.75,Month-to-month,0,0.6013208,1
6,83.9,497.55,Month-to-month,1,0.8259683,1
1,50.75,50.75,Month-to-month,1,0.7396028,1
29,20.2,558.8,Two year,0,0.02573577,0
1,19.3,19.3,Month-to-month,1,0.65883535,1
58,95.3,5817.7,Month-to-month,0,0.27624556,0
35,76.05,2747.2,Month-to-month,0,0.07783348,0
43,19.55,876.15,Two year,0,0.051585313,0
41,50.05,2029.05,One year,0,0.03967032,0
47,19.3,890.5,Two year,0,0.038603403,0
33,100.0,3320.6,Month-to-month,0,0.8579523,1
67,20.5,1430.95,Two year,0,0.0037447358,0
72,19.4,1496.45,Two year,0,0.0026748653,0
50,54.9,2614.1,One year,0,0.056015454,0
49,49.8,2398.4,Two year,0,0.040125515,0
4,74.35,265.35,Month-to-month,1,0.87996703,1
61,94.15,5731.85,Month-to-month,0,0.046914235,0
7,20.65,150.0,One year,0,0.038323537,0
14,90.45,1266.1,Month-to-month,1,0.66151184,1
26,73.05,1959.5,Month-to-month,0,0.42099965,0
35,70.55,2419.0,Month-to-month,0,0.6349584,1
54,99.1,5437.1,One year,0,0.28051904,0
8,95.65,778.1,Month-to-month,1,0.9031433,1
1,71.65,71.65,Month-to-month,1,0.86398596,1
67,100.25,6689.0,One year,0,0.18329436,0
24,19.75,498.1,Two year,0,0.038701385,0
64,24.9,1595.5,One year,0,0.007970847,0
34,79.6,2718.3,Month-to-month,1,0.41637707,0
8,19.9,153.95,One year,0,0.041441005,0
6,20.2,123.65,Month-to-month,0,0.23361942,0
13,99.0,1301.7,Month-to-month,1,0.89012665,1
62,24.25,1424.6,Two year,0,0.028445825,0
34,100.05,3480.0,Month-to-month,1,0.8541888,1
9,99.3,918.75,Month-to-month,0,0.91829175,1
22,20.3,467.15,One year,0,0.039487675,0
40,55.25,2139.2,Month-to-month,1,0.15633631,0
35,100.5,3653.35,Month-to-month,1,0.15269136,0
7,23.5,173.0,Month-to-month,0,0.8033079,1
32,19.8,587.7,One year,0,0.025873853,0
61,19.75,1124.2,Two year,0,0.074609,0
2,20.75,44.2,Month-to-month,0,0.21412563,0
56,103.2,5744.35,Two year,0,0.41468558,0
65,106.25,6979.8,One year,1,0.32040533,0
28,49.9,1410.25,Month-to-month,0,0.14005972,0
18,69.5,1199.4,Month-to-month,0,0.17336231,0
71,90.55,6239.05,Two year,0,0.013992655,0
72,88.6,6201.95,Two year,0,0.0037192164,0
1,76.45,76.45,Month-to-month,1,0.9430973,1
1,19.75,19.75,Month-to-month,1,0.64223266,1
34,20.35,673.2,Month-to-month,0,0.12161124,0
8,87.05,762.1,Month-to-month,1,0.8900364,1
47,106.4,5127.95,Month-to-month,1,0.79380184,1
72,24.05,1709.15,Two year,0,0.001989347,0
52,25.05,1270.25,Two year,0,0.019441957,0
3,19.85,64.55,Month-to-month,1,0.30449775,0
60,37.7,2288.7,Two year,0,0.016293205,0
3,96.6,291.9,Month-to-month,1,0.9249729,1
19,86.0,1532.45,Month-to-month,1,0.3996247,0
1,69.9,69.9,Month-to-month,0,0.9710576,1
6,105.3,545.2,Month-to-month,1,0.9200073,1
49,59.6,2970.3,Month-to-month,0,0.21618581,0
22,90.5,1910.6,Month-to-month,1,0.4501895,0
42,19.05,761.85,One year,0,0.028080702,0
46,98.85,4564.9,Month-to-month,0,0.8561334,1
68,39.9,2796.35,Month-to-month,0,0.11155465,0
2,20.5,38.25,One year,0,0.03327866,0
0,20.25,0.0,Two year,0,0.05054937,0
35,72.25,2568.55,Month-to-month,1,0.22416604,0
2,19.5,27.55,Month-to-month,0,0.30169693,0
68,62.65,4375.8,Two year,0,0.0090500545,0
16,75.4,1189.4,Month-to-month,0,0.83129936,1
72,110.9,8240.85,Two year,0,0.0097176405,0
37,94.3,3460.95,Two year,0,0.11490355,0
53,25.55,1336.1,Two year,0,0.04636509,0
40,83.85,3532.25,Month-to-month,0,0.69584376,1
46,94.15,4408.45,One year,0,0.41668403,0
3,100.95,329.95,Month-to-month,1,0.95117563,1
1,75.3,75.3,Month-to-month,1,0.8656278,1
7,19.25,112.3,Month-to-month,1,0.055700757,0
6,30.5,208.7,Month-to-month,1,0.56188065,1
46,89.15,4245.55,Month-to-month,0,0.43702427,0
54,70.15,3715.65,One year,1,0.16669127,0
15,79.4,1156.1,Month-to-month,1,0.73864263,1
3,85.3,264.8,Month-to-month,1,0.96812046,1
70,20.05,1360.25,Two year,0,0.0017144872,0
39,100.55,3895.35,Two year,0,0.13070951,0
2,20.0,38.0,Month-to-month,0,0.26306948,0
18,75.6,1395.05,Month-to-month,0,0.36941308,0
72,25.1,1789.9,Two year,0,0.0034581576,0
47,55.3,2654.05,Month-to-month,0,0.23825555,0
22,19.9,400.3,Month-to-month,0,0.20519413,0
71,89.9,6457.15,Two year,0,0.007520409,0
8,74.85,572.45,Month-to-month,0,0.8538246,1
71,19.9,1389.35,Two year,0,0.0029097865,0
53,94.45,5042.75,One year,0,0.084357075,0
37,72.25,2575.45,Month-to-month,0,0.46597594,0
64,70.15,4480.7,One year,0,0.09916231,0
5,48.65,235.2,Month-to-month,0,0.4475556,0
60,104.7,6333.8,Two year,0,0.6047194,1
2,50.3,92.75,Month-to-month,0,0.5369994,1
25,54.2,1423.15,One year,0,0.29766575,0
6,19.7,113.5,Month-to-month,0,0.19382212,0
60,110.6,6586.85,Two year,0,0.14431222,0
30,100.2,2983.8,Month-to-month,1,0.7176242,1
67,49.35,3321.35,One year,0,0.011020465,0
53,24.05,1301.9,One year,0,0.06259996,0
10,55.2,528.35,Month-to-month,1,0.45631236,0
1,52.2,52.2,Month-to-month,1,0.7050796,1
55,54.55,2978.3,Month-to-month,1,0.20204167,0
70,84.7,5991.05,Two year,0,0.016738031,0
34,50.2,1815.3,Month-to-month,0,0.09716694,0
68,110.25,7279.35,Two year,0,0.3186601,0
59,109.15,6557.75,One year,0,0.32084104,0
9,74.85,708.2,Month-to-month,0,0.6484008,1
6,80.5,463.05,Month-to-month,1,0.7988864,1
50,103.95,5231.3,One year,0,0.7816531,1
72,92.45,6440.25,Two year,1,0.003415078,0
41,53.95,2215.4,Month-to-month,0,0.6645637,1
4,50.8,202.3,Month-to-month,0,0.46709397,0
47,40.3,1794.8,One year,0,0.119043976,0
62,94.95,5791.85,One year,0,0.03291964,0
18,20.45,357.0,Month-to-month,0,0.09483702,0
3,75.85,256.6,Month-to-month,1,0.84610313,1
65,25.1,1725.0,Two year,0,0.007495923,0
59,85.55,5084.65,One year,1,0.27912164,0
60,70.15,4224.7,One year,0,0.04485242,0
10,20.55,187.35,Month-to-month,0,0.13413265,0
7,38.55,280.0,Two year,0,0.08325634,0
28,91.0,2626.15,Month-to-month,0,0.13619182,0
29,79.3,2414.55,Month-to-month,0,0.69281864,1
0,19.7,0.0,One year,0,0.13860627,0
37,64.65,2347.85,One year,0,0.047783334,0
45,24.65,1138.8,Two year,0,0.05055882,0
61,79.8,4914.8,One year,0,0.30726802,0
64,19.45,1208.6,Two year,0,0.02640697,0
63,91.35,5764.7,One year,0,0.12527902,0
37,76.5,2868.15,Month-to-month,1,0.6930227,1
72,24.3,1778.7,Two year,0,0.0029776122,0
66,89.9,5958.85,Two year,0,0.075645454,0
1,95.65,95.65,Month-to-month,1,0.9522504,1
9,79.75,769.1,Month-to-month,0,0.7816715,1
1,25.35,25.35,Month-to-month,0,0.71540076,1
4,99.8,442.85,Month-to-month,1,0.8849589,1
38,74.95,2869.85,Month-to-month,1,0.4906382,0
44,61.9,2924.05,Month-to-month,0,0.14974822,0
22,54.7,1178.75,Month-to-month,0,0.47692722,0
53,106.95,5785.5,One year,1,0.48668158,0
23,90.45,2117.25,Month-to-month,0,0.68596584,1
20,18.9,347.65,Month-to-month,0,0.063078426,0
51,24.75,1234.6,Two year,0,0.04801559,0
62,20.65,1218.45,Two year,0,0.0085111465,0
7,18.95,130.55,Month-to-month,0,0.04762044,0
17,83.55,1329.15,Month-to-month,0,0.72140414,1
41,70.2,2894.55,One year,0,0.17367427,0
7,94.05,633.45,One year,0,0.75769836,1
1,50.05,50.05,Month-to-month,0,0.23937856,0
64,58.35,3756.45,One year,0,0.02415134,0
3,75.5,220.6,Month-to-month,1,0.8498189,1
50,71.05,3444.85,Month-to-month,1,0.6509176,1
18,56.8,1074.65,Month-to-month,0,0.4674414,0
13,55.95,734.35,Month-to-month,1,0.22984621,0
69,80.65,5542.55,Two year,0,0.0051809344,0
1,79.15,79.15,Month-to-month,0,0.92759407,1
4,90.65,367.95,Month-to-month,0,0.8292644,1
1,53.5,53.5,Month-to-month,1,0.76246434,1
25,53.65,1355.45,One year,0,0.17546389,0
18,55.95,1082.8,Month-to-month,0,0.2457586,0
48,23.55,1173.35,Two year,0,0.3632336,0
26,20.65,595.5,One year,0,0.026685016,0
1,69.1,69.1,Month-to-month,1,0.9710576,1
4,57.2,223.75,Month-to-month,0,0.71051806,1
1,20.3,20.3,Month-to-month,0,0.5732121,1
11,74.35,834.2,Month-to-month,1,0.6917565,1
4,61.45,229.55,Month-to-month,1,0.14847778,0
8,19.65,164.3,Month-to-month,1,0.37134415,0
6,90.75,512.25,Month-to-month,0,0.92504114,1
72,92.0,6632.75,Two year,0,0.0027596503,0
27,52.85,1498.65,Two year,0,0.040688526,0
1,71.0,71.0,Month-to-month,1,0.8374571,1
17,20.15,353.65,One year,0,0.084034316,0
66,68.75,4447.55,Two year,0,0.024550056,0
53,19.5,1050.5,Two year,0,0.05012132,0
44,84.8,3626.35,Month-to-month,0,0.4656194,0
52,20.85,1071.6,One year,0,0.028791387,0
70,90.05,6333.4,Two year,0,0.022448193,0
1,25.75,25.75,Month-to-month,0,0.5146957,1
61,94.1,5638.3,Two year,1,0.269282,0
19,100.95,1875.55,One year,1,0.5531272,1
11,20.6,233.9,One year,0,0.050063968,0
26,85.75,2146.5,Month-to-month,0,0.64059293,1
60,19.85,1128.1,Two year,0,0.0753345,0
1,84.85,84.85,Month-to-month,1,0.9385981,1
26,92.4,2349.8,Month-to-month,0,0.6786868,1
24,80.5,2088.45,Month-to-month,0,0.74756336,1
22,100.05,2090.25,One year,0,0.6046612,1
51,98.85,4947.55,One year,0,0.7747289,1
61,85.55,5251.75,One year,0,0.017166592,0
44,54.3,2390.45,Two year,0,0.26376674,0
0,80.85,0.0,Two year,0,0.045837883,0
5,75.65,399.45,Month-to-month,0,0.5599404,1
1,78.8,78.8,Month-to-month,1,0.9522609,1
26,61.55,1581.95,One year,0,0.27398327,0
15,84.35,1302.65,Month-to-month,0,0.72194165,1
4,80.35,307.4,Month-to-month,1,0.8256708,1
12,84.6,959.9,Month-to-month,0,0.7113826,1
1,49.9,49.9,Month-to-month,1,0.2654473,0
22,57.95,1271.8,Month-to-month,0,0.17335291,0
49,49.65,2409.9,Two year,0,0.14031523,0
13,19.75,265.75,Two year,0,0.05487742,0
66,90.55,6130.95,One year,0,0.040752042,0
62,39.0,2337.45,Two year,0,0.040161323,0
66,63.3,4189.7,Two year,0,0.038785487,0
3,35.2,108.95,Month-to-month,1,0.70656395,1
63,68.8,4111.35,One year,0,0.021989604,0
15,19.35,278.85,Two year,0,0.02935611,0
43,94.1,4107.3,Month-to-month,0,0.53951985,1
65,109.05,7108.2,Two year,0,0.32525092,0
2,85.7,169.8,Month-to-month,1,0.94476223,1
14,50.1,709.5,Month-to-month,0,0.33042252,0
68,109.05,7508.55,Two year,0,0.21321864,0
20,19.6,356.15,Month-to-month,0,0.09311495,0
57,65.2,3687.85,Month-to-month,0,0.052374855,0
72,19.8,1468.75,Two year,0,0.0007342002,0
6,84.4,556.35,Month-to-month,1,0.8548243,1
53,73.9,3958.25,Two year,0,0.05549869,0
57,70.1,3913.3,One year,1,0.011310511,0
1,20.1,20.1,Month-to-month,1,0.80450195,1
15,49.0,749.25,Month-to-month,0,0.6720324,1
40,79.2,3233.85,Month-to-month,1,0.6394623,1
71,53.95,3888.65,Two year,0,0.0051951855,0
13,45.3,528.45,Month-to-month,0,0.73378026,1
72,91.15,6637.9,Two year,0,0.0032603755,0
52,95.7,4976.15,One year,0,0.11483421,0
63,81.15,5224.5,One year,0,0.015183522,0
29,19.1,529.5,One year,0,0.003734063,0
29,100.55,2878.75,Month-to-month,0,0.68968654,1
3,20.75,67.1,Month-to-month,0,0.1693526,0
19,20.6,414.95,Month-to-month,0,0.09132928,0
61,99.9,6241.35,One year,0,0.6190365,1
10,54.25,583.0,Month-to-month,0,0.4482024,0
67,109.7,7344.45,One year,0,0.4443405,0
42,19.55,839.4,One year,0,0.035584345,0
1,75.7,75.7,Month-to-month,1,0.8298747,1
5,84.0,424.75,Month-to-month,0,0.8863265,1
20,19.5,403.15,One year,0,0.06088407,0
1,69.5,69.5,Month-to-month,1,0.9494183,1
6,78.95,494.95,Month-to-month,0,0.74661916,1
34,106.35,3549.25,Month-to-month,1,0.727069,1
21,19.6,390.4,Two year,0,0.046841465,0
46,108.65,4903.2,Two year,0,0.67197573,1
34,97.7,3410.0,Month-to-month,0,0.6246366,1
29,45.0,1242.45,Month-to-month,0,0.34696957,0
27,80.65,2209.75,One year,0,0.060767166,0
72,89.8,6510.45,Two year,0,0.003217833,0
42,54.55,2455.05,Month-to-month,0,0.27864948,0
27,78.05,2135.5,Month-to-month,1,0.63348407,1
66,66.1,4428.45,Two year,0,0.049681477,0
2,75.55,166.3,Month-to-month,1,0.86886847,1
32,96.2,3183.4,Month-to-month,1,0.58253664,1
14,74.95,1036.75,Month-to-month,1,0.7868108,1
19,89.95,1682.4,Month-to-month,0,0.38947234,0
48,64.4,3035.35,One year,0,0.086867005,0
4,73.9,280.85,Month-to-month,1,0.831249,1
57,89.85,4925.35,Month-to-month,0,0.45541516,0
58,75.2,4300.8,One year,0,0.022343589,0
56,68.45,4014.0,One year,0,0.11482622,0
69,19.75,1375.4,Two year,0,0.007408156,0
10,53.7,521.0,Two year,0,0.045785263,0
3,80.0,241.3,Month-to-month,0,0.7015005,1
35,26.2,954.9,One year,0,0.04067422,0
11,19.25,180.3,Month-to-month,1,0.046279777,0
56,100.55,5514.95,One year,0,0.5349445,1
51,24.95,1222.25,Two year,0,0.023193337,0
36,90.85,3186.7,Month-to-month,1,0.4716922,0
5,20.45,106.9,Two year,0,0.019860404,0
1,20.4,20.4,One year,0,0.11650527,0
7,74.4,527.9,Month-to-month,1,0.7895066,1
69,53.65,3804.4,One year,0,0.012654502,0
22,67.5,1544.05,One year,1,0.04404336,0
63,24.2,1618.2,Two year,0,0.035811152,0
55,75.75,4264.25,One year,0,0.08027947,0
3,57.55,161.45,Month-to-month,0,0.62218064,1
67,81.35,5398.6,Two year,0,0.015990611,0
3,25.25,58.9,Month-to-month,1,0.6743874,1
1,19.75,19.75,Month-to-month,0,0.64223266,1
16,89.05,1448.6,Month-to-month,1,0.62800604,1
62,104.05,6590.5,Two year,0,0.5164274,1
8,65.5,573.15,Month-to-month,0,0.20614862,0
9,20.1,190.25,One year,0,0.07055278,0
6,19.5,146.3,Month-to-month,1,0.2415199,0
28,59.0,1654.45,One year,0,0.06611545,0
26,19.4,525.55,One year,0,0.035694018,0
38,101.15,3956.7,Month-to-month,0,0.7095325,1
18,50.3,913.3,Month-to-month,0,0.48760968,0
3,31.0,95.05,Month-to-month,1,0.43296117,0
3,25.0,78.25,Month-to-month,0,0.52995616,1
70,72.95,5265.55,Two year,0,0.025052812,0
67,69.35,4653.25,One year,0,0.13094029,0
71,24.35,1654.6,Two year,0,0.0015575687,0
16,69.1,1083.7,Month-to-month,0,0.27098492,0
10,65.5,616.9,Month-to-month,0,0.2815913,0
1,90.85,90.85,Month-to-month,1,0.9175302,1
12,56.3,628.65,Month-to-month,0,0.2968738,0
5,53.85,259.8,Month-to-month,1,0.58471775,1
40,99.2,4062.2,One year,1,0.2740865,0
21,64.95,1339.8,Month-to-month,0,0.12909153,0
9,68.25,576.95,Month-to-month,0,0.14976253,0
7,50.3,355.1,Month-to-month,0,0.34797394,0
38,20.05,678.2,One year,0,0.050144434,0
1,50.5,50.5,Month-to-month,1,0.91298056,1
7,74.9,490.55,Month-to-month,0,0.6717614,1
2,70.95,137.95,Month-to-month,1,0.7622487,1
56,19.55,1080.55,Two year,0,0.14671329,0
6,50.35,314.55,Month-to-month,0,0.64462715,1
63,58.55,3503.5,One year,0,0.1017283,0
64,110.5,7069.25,Two year,0,0.19073159,0
29,45.9,1332.4,Month-to-month,0,0.5817723,1
32,85.65,2664.3,Month-to-month,0,0.3502239,0
2,84.05,186.05,Month-to-month,0,0.95058894,1
60,94.4,5610.25,One year,1,0.3238483,0
22,65.05,1427.55,Month-to-month,0,0.21166344,0
11,35.65,425.1,Month-to-month,0,0.33713734,0
57,90.65,5199.8,One year,0,0.12630445,0
1,44.15,44.15,Month-to-month,1,0.6623847,1
62,19.2,1123.65,Two year,0,0.015163272,0
47,98.75,4533.7,Month-to-month,1,0.7158131,1
61,88.1,5526.75,Two year,0,0.023574388,0
3,70.15,194.2,Month-to-month,0,0.7204748,1
64,81.05,5135.35,Month-to-month,0,0.05786525,0
6,94.05,518.75,Month-to-month,0,0.9650654,1
56,20.05,1090.1,Two year,0,0.086015135,0
27,49.85,1336.15,Month-to-month,0,0.16497782,0
46,45.55,2062.15,Month-to-month,0,0.43881166,0
1,45.1,45.1,Month-to-month,1,0.81348944,1
11,20.4,231.45,Two year,0,0.02828185,0
32,98.85,3145.9,Month-to-month,0,0.7753773,1
4,77.85,299.2,Month-to-month,1,0.8645979,1
24,55.65,1400.55,Month-to-month,1,0.13565773,0
35,108.95,4025.5,Two year,0,0.399218,0
46,105.2,4822.85,One year,1,0.092028916,0
1,70.0,70.0,Month-to-month,1,0.84686196,1
72,110.15,7881.2,Two year,0,0.01114093,0
63,103.5,6479.4,Month-to-month,0,0.73741144,1
21,86.5,1808.7,Month-to-month,1,0.7591819,1
37,40.2,1525.35,One year,0,0.16851145,0
55,100.9,5552.05,One year,0,0.18463233,0
14,66.6,979.5,Month-to-month,0,0.249688,0
53,71.85,3827.9,Month-to-month,0,0.09436643,0
50,84.15,4164.4,One year,0,0.109895565,0
38,102.6,4009.2,Month-to-month,0,0.8572251,1
30,99.7,2967.35,Month-to-month,1,0.80477226,1
28,59.9,1654.7,One year,0,0.22312972,0
46,59.9,2816.65,One year,1,0.32981193,0
67,20.55,1343.4,One year,0,0.025770633,0
1,45.95,45.95,Month-to-month,1,0.788068,1
50,19.8,1013.2,Two year,0,0.115610614,0
56,98.0,5270.6,One year,0,0.7072486,1
1,19.95,19.95,Month-to-month,0,0.6633085,1
3,35.1,101.1,Month-to-month,0,0.47507304,0
72,109.55,8165.1,Two year,0,0.019692218,0
48,60.35,2896.4,One year,1,0.08115201,0
9,39.55,373.0,One year,0,0.27946365,0
19,69.6,1394.55,Month-to-month,0,0.2678275,0
46,81.0,3846.35,Two year,0,0.010644795,0
56,107.25,6033.3,One year,0,0.4851593,0
35,83.15,2848.45,Month-to-month,0,0.7419791,1
25,19.8,475.2,Two year,0,0.0410246,0
21,68.65,1493.2,Month-to-month,0,0.8587411,1
71,25.35,1847.55,Two year,0,0.00272152,0
1,79.35,79.35,Month-to-month,1,0.95095557,1
62,84.5,5193.2,Two year,0,0.024510618,0
53,78.75,3942.45,One year,0,0.15970352,0
2,74.9,136.05,Month-to-month,0,0.8187013,1
72,93.05,6735.05,Two year,0,0.0023455513,0
24,79.65,1928.7,Month-to-month,0,0.43023002,0
41,55.7,2237.55,Month-to-month,0,0.12700881,0
2,94.2,193.8,Month-to-month,1,0.8904206,1
2,67.75,116.65,Month-to-month,1,0.8502349,1
27,95.55,2510.2,Month-to-month,1,0.5303793,1
53,101.9,5549.4,Month-to-month,1,0.73247695,1
34,64.4,2088.75,One year,1,0.056895543,0
1,85.0,85.0,Month-to-month,0,0.9416665,1
48,19.55,883.35,Two year,0,0.04242606,0
3,75.05,256.25,Month-to-month,1,0.8400242,1
71,64.05,4492.9,Two year,0,0.010776771,0
24,85.95,2107.15,Month-to-month,0,0.37401837,0
5,70.05,302.6,Month-to-month,0,0.7339393,1
8,75.75,606.25,Month-to-month,1,0.83682406,1
15,19.8,309.4,Month-to-month,0,0.28108588,0
2,74.7,165.4,Month-to-month,1,0.6519417,1
13,25.0,332.5,Two year,0,0.042942822,0
17,85.35,1463.45,Month-to-month,1,0.4601189,0
24,58.35,1346.9,One year,0,0.37704462,0
50,20.55,1070.25,Two year,0,0.03393347,0
57,74.35,4317.35,Two year,0,0.022160005,0
3,25.3,77.75,Month-to-month,1,0.65156657,1
37,91.15,3369.25,Month-to-month,0,0.49211073,0
71,25.6,1888.25,Two year,0,0.006005682,0
72,66.5,4811.6,Two year,0,0.005271173,0
52,25.6,1334.5,Two year,0,0.04586281,0
4,19.85,63.0,Month-to-month,0,0.36517653,0
9,69.5,653.25,Month-to-month,0,0.37342006,0
7,74.85,485.25,Month-to-month,0,0.85460705,1
48,70.1,3238.4,Two year,0,0.11781075,0
47,58.6,2723.4,Month-to-month,0,0.27228263,0
4,72.75,317.75,Month-to-month,0,0.739495,1
47,103.7,4730.6,One year,0,0.43601388,0
24,29.1,688.0,Month-to-month,0,0.644558,1
1,50.45,50.45,Month-to-month,1,0.87892795,1
1,44.65,44.65,Month-to-month,1,0.5508894,1
1,19.25,19.25,Month-to-month,0,0.25167388,0
48,108.1,5067.45,Two year,0,0.44356298,0
27,20.1,562.6,One year,0,0.04454132,0
60,59.85,3483.45,Two year,0,0.010797353,0
26,56.05,1553.2,One year,0,0.18755098,0
51,19.6,967.9,Two year,0,0.044624656,0
4,79.0,303.15,Month-to-month,1,0.8887704,1
26,66.05,1652.4,Month-to-month,0,0.38334677,0
41,106.5,4282.4,Month-to-month,0,0.7895789,1
68,114.9,7843.55,Two year,0,0.33865067,0
45,54.65,2553.7,Two year,0,0.029322661,0
22,69.5,1498.2,One year,1,0.18263318,0
12,79.95,1043.4,Month-to-month,0,0.6655289,1
1,43.95,43.95,Month-to-month,0,0.69703066,1
7,94.1,701.3,Month-to-month,0,0.95342773,1
1,20.2,20.2,Month-to-month,1,0.61045194,1
13,23.9,300.8,Month-to-month,1,0.51803035,1
51,20.45,1042.65,Two year,0,0.032654397,0
4,44.8,169.65,Month-to-month,0,0.4112865,0
26,84.3,2281.6,Month-to-month,0,0.38000324,0
24,88.95,2072.75,Month-to-month,0,0.57938415,1
61,94.2,5895.45,Month-to-month,0,0.07253877,0
72,114.9,8496.7,Two year,0,0.024175143,0
55,84.25,4589.85,One year,0,0.16450934,0
12,81.7,858.6,Month-to-month,1,0.3928447,0
64,93.4,5822.3,Two year,0,0.054947887,0
37,96.55,3580.3,Month-to-month,1,0.8243136,1
72,88.7,6301.7,Two year,0,0.0026408727,0
11,19.5,226.8,One year,0,0.06580393,0
52,109.1,5647.95,Month-to-month,0,0.54351205,1
58,44.1,2413.05,One year,0,0.01636306,0
4,55.2,220.65,Month-to-month,0,0.600291,1
38,20.3,749.35,One year,0,0.036503535,0
3,20.85,60.65,Month-to-month,0,0.17514142,0
62,92.3,5731.45,One year,0,0.15466383,0
8,54.25,447.75,One year,0,0.15475686,0
16,19.75,313.4,Month-to-month,0,0.21847564,0
8,43.55,335.4,Month-to-month,0,0.30431047,0
1,19.8,19.8,Month-to-month,1,0.64223266,1
52,50.2,2554.0,Two year,0,0.04506352,0
72,26.0,1776.0,Two year,0,0.0012734643,0
16,69.65,1043.3,Month-to-month,0,0.5438936,1
18,89.6,1633.0,One year,0,0.18765226,0
1,20.25,20.25,Month-to-month,1,0.5732121,1
72,75.4,5480.25,Two year,0,0.0027823085,0
49,20.7,1032.05,One year,0,0.053218424,0
1,44.0,44.0,Month-to-month,0,0.7512807,1
51,93.5,4619.55,One year,0,0.17087975,0
72,97.25,7133.1,One year,0,0.12555385,0
72,77.35,5396.25,Two year,0,0.0040019485,0
16,19.05,326.65,One year,0,0.009749778,0
16,84.9,1398.25,Month-to-month,0,0.13467093,0
1,19.65,19.65,Month-to-month,0,0.5551841,1
10,85.6,813.85,Month-to-month,1,0.8905758,1
57,100.75,5985.0,One year,0,0.62624377,1
32,90.8,3023.85,One year,0,0.14326887,0
72,101.3,7261.25,Two year,0,0.011477212,0
58,97.8,5458.8,One year,0,0.46759674,0
23,73.75,1756.6,One year,0,0.22170042,0
25,89.5,2196.15,Month-to-month,1,0.88376725,1
32,19.45,674.55,Month-to-month,0,0.07823478,0
69,104.0,7028.5,Two year,0,0.5928141,1
72,109.5,7854.9,Two year,0,0.0057755047,0
50,35.4,1748.9,One year,0,0.02963854,0
28,106.1,2847.4,One year,1,0.1666556,0
10,20.1,184.4,One year,0,0.1223222,0
58,94.7,5430.35,One year,0,0.04228659,0
7,75.4,533.05,Month-to-month,0,0.8503508,1
4,49.35,219.65,Month-to-month,1,0.39583948,0
34,60.8,2042.05,One year,0,0.09577334,0
70,115.15,8250.0,Two year,0,0.070922405,0
71,72.9,5139.65,One year,0,0.092365816,0
21,103.85,2215.0,Month-to-month,0,0.82309175,1
56,60.25,3282.75,One year,0,0.09136741,0
71,76.9,5522.7,Two year,0,0.0075545665,0
14,87.25,1258.6,Month-to-month,1,0.8323575,1
41,19.5,798.2,One year,0,0.032030843,0
3,74.4,215.8,Month-to-month,1,0.76461005,1
58,20.5,1191.4,Two year,0,0.020394469,0
72,65.7,4575.35,Two year,0,0.011013078,0
13,89.4,1132.35,Month-to-month,1,0.78416455,1
43,79.15,3566.6,Two year,0,0.008838616,0
41,51.35,2075.1,One year,0,0.5178851,1
2,70.0,153.05,Month-to-month,1,0.6583011,1
1,20.3,20.3,Month-to-month,0,0.56345534,1
4,79.9,324.3,Month-to-month,1,0.83878213,1
1,19.9,19.9,Month-to-month,0,0.68893355,1
72,114.1,8086.4,Two year,0,0.00915901,0
69,64.15,4254.1,Two year,0,0.033893447,0
27,45.85,1246.4,One year,0,0.4340887,0
14,59.8,824.85,Month-to-month,0,0.28285304,0
19,45.0,865.85,Month-to-month,0,0.22133876,0
18,95.95,1745.5,Month-to-month,0,0.58657175,1
5,90.35,434.5,Month-to-month,0,0.6421828,1
28,100.35,2799.0,One year,0,0.321936,0
30,74.65,2308.6,One year,0,0.11427911,0
71,104.05,7413.55,Two year,0,0.10406376,0
1,53.95,53.95,Month-to-month,1,0.67625815,1
71,97.2,6910.3,Two year,0,0.050135326,0
32,62.45,2045.55,Month-to-month,0,0.21032438,0
70,75.5,5212.65,Two year,0,0.031475153,0
1,55.25,55.25,Month-to-month,0,0.77196693,1
1,71.0,71.0,Month-to-month,1,0.86321723,1
4,48.75,179.85,Month-to-month,0,0.65829897,1
43,94.3,3953.15,Month-to-month,0,0.6551174,1
72,92.3,6719.9,Two year,0,0.0022034026,0
72,114.95,8196.4,Two year,0,0.006509171,0
4,74.4,306.6,Month-to-month,1,0.8307147,1
24,24.6,605.25,One year,0,0.045855716,0
1,95.1,95.1,Month-to-month,1,0.9578042,1
1,18.85,18.85,Month-to-month,0,0.2831347,0
14,95.6,1273.3,Month-to-month,0,0.9000903,1
36,84.1,3021.6,Month-to-month,1,0.88073426,1
40,81.2,3292.3,Month-to-month,0,0.6621346,1
67,105.05,7171.7,Two year,0,0.06369349,0
69,92.15,6480.9,Two year,0,0.013156345,0
1,20.6,20.6,Month-to-month,0,0.5832647,1
10,40.25,411.45,One year,0,0.07485769,0
55,57.55,3046.4,Two year,1,0.019598998,0
68,113.15,7856.0,Two year,1,0.21162789,0
66,99.5,6822.15,Month-to-month,1,0.5030385,1
7,69.9,497.3,Month-to-month,0,0.6524991,1
10,20.15,220.8,Two year,0,0.038284376,0
1,29.15,29.15,Month-to-month,0,0.6198399,1
55,19.35,1153.25,Two year,0,0.053977814,0
45,107.75,4882.8,Month-to-month,0,0.620824,1
10,67.8,653.15,Month-to-month,0,0.32266963,0
69,116.0,8182.85,Two year,0,0.14963503,0
1,85.05,85.05,Month-to-month,1,0.9773728,1
33,25.7,826.1,Two year,0,0.18270683,0
45,81.65,3618.7,Two year,0,0.018335275,0
1,44.75,44.75,Month-to-month,0,0.686098,1
31,71.05,2168.15,Month-to-month,0,0.20797338,0
50,20.35,938.95,One year,0,0.02691527,0
57,87.55,4884.85,Month-to-month,0,0.111492805,0
1,74.25,74.25,Month-to-month,1,0.9138186,1
2,75.8,160.75,Month-to-month,1,0.8209529,1
3,105.35,323.25,Month-to-month,1,0.84355855,1
67,94.65,6079.0,Month-to-month,0,0.7645161,1
42,104.75,4323.45,Month-to-month,1,0.7258436,1
70,26.0,2006.95,Two year,0,0.0036690144,0
71,20.85,1539.75,One year,0,0.0074571804,0
9,75.85,724.65,Month-to-month,0,0.7799226,1
72,45.25,3139.8,Two year,0,0.00461386,0
53,105.25,5576.3,One year,0,0.4282145,0
19,105.0,2007.25,Month-to-month,0,0.39252427,0
9,94.4,857.25,Month-to-month,1,0.9158163,1
72,105.5,7611.55,Two year,0,0.0016423356,0
20,39.4,825.4,Two year,0,0.046015613,0
43,20.0,817.95,One year,0,0.058600232,0
50,79.6,4024.2,Two year,0,0.07247473,0
55,89.8,4959.6,Month-to-month,0,0.30033648,0
2,94.2,167.5,Month-to-month,1,0.7402315,1
9,20.35,191.1,Two year,0,0.017166536,0
10,33.9,298.45,Month-to-month,1,0.7127995,1
71,77.35,5550.1,Two year,0,0.010843415,0
32,84.15,2585.95,Month-to-month,1,0.6046148,1
3,105.9,334.65,Month-to-month,1,0.895583,1
16,74.3,1178.25,Month-to-month,1,0.70063186,1
25,69.75,1729.35,Month-to-month,0,0.56902486,1
38,70.45,2597.6,One year,1,0.15355606,0
40,20.15,804.85,Two year,0,0.054549027,0
61,24.2,1445.2,Two year,0,0.04491232,0
25,20.05,520.1,One year,0,0.041369714,0
48,95.5,4627.85,Two year,1,0.020772021,0
3,69.55,222.3,Month-to-month,1,0.6267822,1
63,108.25,6780.1,Month-to-month,0,0.39152008,0
37,76.25,2841.55,Month-to-month,1,0.69235104,1
1,49.8,49.8,Month-to-month,0,0.36725697,0
17,80.85,1400.85,Month-to-month,1,0.5759264,1
3,69.35,191.35,Month-to-month,1,0.3257303,0
21,86.05,1818.9,Month-to-month,0,0.6431894,1
67,36.15,2434.45,Two year,0,0.0036655888,0
34,20.1,682.1,One year,0,0.064730175,0
18,90.7,1597.25,Month-to-month,1,0.34696543,0
72,88.7,6501.35,Two year,0,0.0023517658,0
18,95.15,1779.95,Month-to-month,1,0.603982,1
3,75.0,209.1,Month-to-month,1,0.74047357,1
1,49.95,49.95,Month-to-month,1,0.414135,0
10,72.15,794.25,Month-to-month,1,0.33194798,0
10,20.9,247.0,Month-to-month,0,0.15475497,0
29,20.0,540.05,One year,0,0.0853591,0
34,94.25,3217.55,Month-to-month,1,0.60541356,1
7,101.95,700.85,Month-to-month,1,0.9457128,1
69,86.9,6194.1,Two year,0,0.01958916,0
36,54.45,1893.5,One year,0,0.04915277,0
72,85.95,6151.9,Two year,0,0.0025903645,0
42,20.65,958.1,One year,0,0.032191582,0
42,99.0,4298.45,One year,0,0.49149042,0
67,43.9,3097.2,Two year,0,0.09628291,0
21,95.4,2025.1,Month-to-month,0,0.7195143,1
23,93.5,2341.55,Month-to-month,0,0.882275,1
15,86.2,1270.2,Month-to-month,1,0.6957888,1
34,64.2,2106.3,One year,0,0.02326168,0
7,99.25,665.45,Month-to-month,1,0.9583638,1
9,20.4,184.1,Month-to-month,0,0.089681745,0
34,24.7,780.2,Month-to-month,0,0.170313,0
1,35.55,35.55,Month-to-month,1,0.9292123,1
25,108.9,2809.05,Two year,0,0.413254,0
72,115.5,8312.75,Two year,0,0.010346642,0
1,20.55,20.55,Month-to-month,1,0.47847426,0
60,99.8,5985.75,Month-to-month,0,0.7275729,1
43,84.25,3539.25,One year,0,0.04865239,0
3,21.2,52.05,One year,0,0.0768663,0
72,84.1,5981.65,Two year,0,0.003041935,0
2,45.35,89.5,Month-to-month,1,0.7274602,1
10,98.9,1064.95,One year,0,0.79854834,1
7,98.05,713.0,Month-to-month,1,0.94431555,1
33,51.45,1758.9,One year,0,0.04359034,0
31,81.15,2640.55,Month-to-month,0,0.7172547,1
38,94.75,3653.0,Month-to-month,0,0.7495017,1
24,84.35,1938.05,Month-to-month,0,0.7795966,1
28,59.55,1646.45,Month-to-month,0,0.13588881,0
72,38.5,2763.0,Two year,0,0.0036618013,0
20,19.25,375.25,Month-to-month,0,0.02632164,0
60,79.0,4801.1,One year,0,0.07400777,0
4,89.2,346.2,Month-to-month,1,0.9147585,1
46,55.0,2473.95,Month-to-month,0,0.17692429,0
72,82.3,5815.15,Two year,0,0.0022052934,0
41,113.2,4689.5,Month-to-month,1,0.5898065,1
65,100.75,6674.65,One year,0,0.3719178,0
43,29.3,1224.05,Month-to-month,0,0.41586742,0
21,64.85,1336.8,One year,0,0.14117642,0
54,20.4,1090.6,Two year,0,0.026071398,0
61,104.4,6405.0,One year,1,0.47477534,0
20,55.0,1165.55,Month-to-month,0,0.57767105,1
69,105.2,7386.05,One year,0,0.40671864,0
1,45.2,45.2,Month-to-month,0,0.81348944,1
33,93.55,3055.5,One year,0,0.16154715,0
19,20.85,467.5,Two year,0,0.028532075,0
2,79.0,143.65,Month-to-month,1,0.8415806,1
13,63.15,816.8,Month-to-month,0,0.29534626,0
1,45.8,45.8,Month-to-month,0,0.7694695,1
55,55.7,3131.8,Month-to-month,0,0.1411921,0
22,95.1,2162.6,Month-to-month,0,0.8816107,1
27,75.5,1893.95,Month-to-month,1,0.63670486,1
13,89.05,1169.35,Month-to-month,1,0.36234707,0
26,50.35,1285.8,One year,0,0.055889115,0
35,20.1,655.3,Two year,0,0.038594536,0
56,104.75,5841.35,Month-to-month,0,0.7295282,1
1,95.45,95.45,Month-to-month,1,0.9736659,1
1,74.3,74.3,Month-to-month,0,0.9234713,1
23,90.6,1943.2,Month-to-month,1,0.82570845,1
7,75.45,480.75,Month-to-month,1,0.7782025,1
22,104.6,2180.55,Month-to-month,0,0.50478077,1
56,59.5,3389.25,Two year,0,0.1863366,0
71,82.55,5832.65,Two year,0,0.014829795,0
59,19.85,1188.25,Two year,0,0.052584235,0
18,96.05,1740.7,Month-to-month,1,0.7624875,1
60,61.35,3766.2,Two year,0,0.002932536,0
8,44.45,369.3,Month-to-month,0,0.34380808,0
1,19.75,19.75,Month-to-month,0,0.4052743,0
1,70.45,70.45,Month-to-month,1,0.8867788,1
28,82.85,2320.8,One year,0,0.23670243,0
18,74.15,1387.0,Month-to-month,0,0.40521953,0
24,90.35,2238.5,Month-to-month,1,0.77845305,1
68,60.3,4109.0,Two year,0,0.02733012,0
71,104.65,7288.4,One year,0,0.061325468,0
64,19.7,1274.05,Two year,0,0.013059532,0
72,110.75,7751.7,Two year,0,0.005167927,0
69,110.25,7467.55,Two year,0,0.25670978,0
67,53.4,3579.15,Month-to-month,0,0.21508648,0
20,80.7,1614.2,Month-to-month,0,0.30587736,0
25,18.7,383.65,Two year,0,0.008183059,0
50,89.7,4304.5,Two year,0,0.012500826,0
6,48.95,273.25,Month-to-month,0,0.4640936,0
2,19.6,35.85,Month-to-month,1,0.2842902,0
18,20.1,407.05,One year,0,0.0693238,0
2,56.55,118.25,Month-to-month,0,0.7595602,1
3,40.15,130.75,Month-to-month,1,0.88240355,1
9,69.4,571.45,Month-to-month,0,0.27198982,0
1,69.9,69.9,Month-to-month,1,0.9710576,1
70,113.65,7939.25,Two year,0,0.11126764,0
46,96.05,4399.5,Month-to-month,1,0.65950346,1
15,48.8,720.1,Month-to-month,0,0.59535605,1
53,19.85,1049.6,Two year,0,0.08697111,0
1,55.4,55.4,Month-to-month,1,0.7807847,1
29,19.35,601.6,Month-to-month,0,0.13398746,0
1,77.15,77.15,Month-to-month,1,0.94675297,1
69,60.05,4176.7,Two year,0,0.0333422,0
63,36.1,2298.9,One year,0,0.012584754,0
51,25.0,1260.7,One year,0,0.02957856,0
64,73.55,4764.0,Month-to-month,0,0.060491145,0
52,84.05,4326.8,Month-to-month,0,0.057240847,0
70,59.5,4144.8,Two year,0,0.018385092,0
9,54.8,452.8,Month-to-month,0,0.18122773,0
3,83.75,247.25,Month-to-month,1,0.6465225,1
70,74.8,5315.8,Two year,0,0.04461362,0
21,84.1,1737.45,Month-to-month,0,0.8892445,1
5,75.55,349.65,Month-to-month,1,0.5119955,1
20,108.2,2203.7,Month-to-month,0,0.53387564,1
72,109.75,8075.35,Two year,0,0.0070075504,0
72,20.3,1401.15,Two year,0,0.0008434315,0
2,70.65,142.35,Month-to-month,1,0.7516151,1
23,75.3,1702.9,Month-to-month,0,0.27173027,0
4,20.95,85.5,Month-to-month,1,0.2724232,0
32,80.35,2596.15,Month-to-month,1,0.35535735,0
36,89.65,3348.1,One year,0,0.17045997,0
24,49.7,1218.25,Month-to-month,0,0.21830525,0
6,49.5,312.7,Month-to-month,0,0.4374653,0
23,59.7,1414.2,Two year,0,0.06452714,0
48,20.65,1057.0,Two year,0,0.026186576,0
28,54.9,1505.15,Month-to-month,0,0.3929128,0
52,49.15,2550.9,Month-to-month,1,0.57649046,1
3,74.95,212.4,Month-to-month,0,0.8587515,1
2,80.55,184.1,Month-to-month,1,0.71115077,1
4,19.95,68.2,One year,0,0.09499468,0
5,69.7,316.9,Month-to-month,1,0.77657694,1
1,69.6,69.6,Month-to-month,1,0.96988153,1
66,19.75,1344.5,Two year,0,0.010946766,0
52,102.7,5138.1,Month-to-month,0,0.7298539,1
1,24.6,24.6,Month-to-month,1,0.81427014,1
35,89.2,3251.3,One year,0,0.13266914,0
3,55.8,154.55,Month-to-month,0,0.5607597,1
66,102.85,6976.75,One year,0,0.5448336,1
59,68.7,4070.95,One year,0,0.09240094,0
52,25.75,1345.85,Two year,0,0.019775165,0
8,73.5,632.2,Month-to-month,0,0.85530514,1
5,53.8,283.95,Month-to-month,0,0.78494513,1
4,44.55,174.3,Month-to-month,1,0.8247437,1
50,70.5,3486.65,Two year,0,0.027467512,0
62,108.15,6825.65,Two year,0,0.08362881,0
61,19.45,1336.35,One year,0,0.043500833,0
55,85.5,4713.4,Month-to-month,0,0.5759683,1
5,20.05,95.55,Month-to-month,0,0.19775414,0
35,54.95,1916.0,One year,0,0.039938588,0
22,89.1,1949.4,Month-to-month,0,0.47396073,0
57,53.35,3090.05,Two year,0,0.14753322,0
57,95.25,5427.05,Month-to-month,1,0.15940624,0
64,19.45,1225.65,Two year,0,0.020167064,0
26,95.85,2475.35,One year,0,0.18900064,0
39,99.1,3877.95,One year,0,0.31737694,0
19,59.8,1130.85,Month-to-month,0,0.33259645,0
31,93.8,3019.5,Month-to-month,1,0.5114739,1
6,19.85,119.3,Month-to-month,0,0.23494554,0
52,89.45,4577.75,Two year,0,0.097987406,0
53,85.7,4616.1,Month-to-month,0,0.120071225,0
56,111.95,6418.9,One year,1,0.2559865,0
56,75.85,4261.2,Two year,0,0.028071616,0
49,99.8,4872.45,Month-to-month,1,0.8265436,1
39,25.0,1004.35,Two year,0,0.04288806,0
61,99.15,6010.05,Month-to-month,1,0.44417408,0
43,34.0,1505.35,Month-to-month,0,0.16187978,0
5,19.55,99.6,One year,0,0.2306694,0
11,20.3,246.3,Month-to-month,0,0.17934483,0
2,24.85,62.0,Month-to-month,0,0.3734378,0
13,96.65,1244.5,Month-to-month,1,0.7811967,1
72,81.0,5750.0,Two year,0,0.002958194,0
46,69.1,3255.35,One year,0,0.25618958,0
71,108.55,7616.0,Two year,0,0.38714352,0
36,87.55,3078.1,Month-to-month,1,0.45610404,0
64,108.5,6880.85,One year,0,0.29202914,0
1,75.3,75.3,Month-to-month,1,0.77283275,1
15,84.3,1308.4,Month-to-month,1,0.70554966,1
36,20.0,666.75,One year,0,0.047402482,0
6,40.55,217.5,Two year,0,0.15846042,0
30,50.0,1474.9,Month-to-month,0,0.12044297,0
1,59.85,59.85,Month-to-month,1,0.82981056,1
13,80.85,1008.7,Month-to-month,1,0.68052053,1
61,20.4,1226.45,One year,0,0.012862973,0
72,107.7,7919.8,Two year,0,0.006568041,0
67,74.0,4868.4,Two year,0,0.11113926,0
34,79.95,2727.3,One year,0,0.16583563,0
72,20.5,1502.25,Two year,0,0.0011001765,0
46,65.65,3047.15,Two year,0,0.032284904,0
7,75.1,552.95,Month-to-month,1,0.7913751,1
7,76.45,503.6,Month-to-month,1,0.56720906,1
72,67.8,4804.65,Two year,0,0.002407787,0
32,86.1,2723.75,Month-to-month,0,0.524025,1
39,53.85,2200.7,Two year,0,0.21214165,0
47,96.1,4391.45,One year,0,0.06933129,0
50,95.05,4888.7,Month-to-month,1,0.68695277,1
58,19.55,1108.8,One year,0,0.18516164,0
41,81.3,3190.65,Month-to-month,0,0.47070023,0
4,83.25,308.05,Month-to-month,0,0.9027077,1
32,61.4,1864.65,Month-to-month,0,0.14902748,0
1,20.75,20.75,Month-to-month,0,0.47865397,0
19,19.65,358.15,Two year,0,0.046841465,0
62,104.85,6312.9,One year,0,0.62204814,1
1,74.1,74.1,One year,0,0.29930642,0
12,61.65,713.75,Month-to-month,1,0.40938932,0
48,45.3,2145.0,Month-to-month,1,0.2193289,0
3,64.5,177.4,Month-to-month,0,0.19448033,0
40,78.85,3126.85,Month-to-month,0,0.53145164,1
19,25.15,468.35,Month-to-month,0,0.30959788,0
1,70.25,70.25,Month-to-month,1,0.9185355,1
67,24.9,1680.25,Two year,0,0.0030539206,0
16,100.7,1522.7,Month-to-month,0,0.62206304,1
1,19.55,19.55,Month-to-month,0,0.7016726,1
21,53.15,1183.2,Two year,0,0.1401011,0
29,35.65,1025.15,Month-to-month,0,0.3254537,0
20,94.3,1818.3,One year,0,0.074797474,0
13,94.1,1215.6,Month-to-month,1,0.8676799,1
9,29.95,248.95,Month-to-month,1,0.44590253,0
51,83.25,4089.45,Two year,0,0.012819948,0
60,79.05,4663.4,Month-to-month,0,0.024950402,0
20,79.15,1520.9,Month-to-month,1,0.7170574,1
9,34.7,296.1,Month-to-month,1,0.61723614,1
8,80.65,633.3,Month-to-month,1,0.8487965,1
63,79.8,5034.05,Two year,0,0.038463574,0
10,65.9,660.05,One year,0,0.32627618,0
3,69.95,220.45,One year,0,0.38098663,0
44,20.6,926.0,One year,0,0.022247707,0
8,51.3,411.6,Month-to-month,0,0.23766614,0
61,106.0,6547.7,One year,1,0.08285865,0
43,99.3,4209.95,Month-to-month,0,0.73972267,1
43,56.35,2391.15,One year,0,0.08706222,0
5,50.6,249.95,Month-to-month,1,0.62968224,1
29,69.05,1958.45,One year,0,0.04173433,0
54,99.05,5295.7,Month-to-month,0,0.7410595,1
50,98.25,4858.7,One year,0,0.7568255,1
68,88.15,6148.45,Two year,0,0.13688226,0
1,69.25,69.25,Month-to-month,1,0.9474589,1
72,108.3,7679.65,Two year,0,0.011293988,0
55,73.1,4144.9,Month-to-month,0,0.6395815,1
3,70.3,220.4,Month-to-month,0,0.6382856,1
1,19.05,19.05,Month-to-month,0,0.41146997,0
7,19.85,144.15,Two year,0,0.03347195,0
9,84.4,732.5,Month-to-month,1,0.8722732,1
37,35.8,1316.9,Two year,0,0.11311475,0
62,86.1,5215.25,Two year,0,0.01323217,0
56,61.3,3346.8,Two year,0,0.07227589,0
27,24.5,761.95,Two year,0,0.061410807,0
49,87.2,4345.0,One year,0,0.025771787,0
28,20.3,487.95,Two year,0,0.016589925,0
5,20.65,93.55,Month-to-month,0,0.20580806,0
56,19.7,1051.9,Two year,0,0.1964353,0
72,70.45,5165.7,Two year,0,0.006675302,0
